<personajes>
    <personaje>
        <nombre>Iron Man</nombre>
        <alias>Tony Stark</alias>
        <genero>Masculino</genero>
        <poderes class="java.util.ArrayList">
            <string>Vuelo</string>
            <string>Armadura tecnológica avanzada</string>
            <string>Rayos láser</string>
        </poderes>
    </personaje>
    <personaje>
        <nombre>Spider-Man</nombre>
        <alias>Peter Parker</alias>
        <genero>Masculino</genero>
        <poderes class="java.util.ArrayList">
            <string>Agilidad sobrehumana</string>
            <string>Trepamuros</string>
            <string>Sentido arácnido</string>
        </poderes>
    </personaje>
</personajes>